{"trx_antDelay":16604,"antenna_info":["0.0732,0,0","0.0518, 0.0518,0","0,0.0732,0","-0.0518, 0.0518,0","-0.0732,0,0","-0.0518, -0.0518,0","0,-0.0732,0","0.0518, -0.0518,0"],"is_hemisphere":false,"phase_diff_cali":[0,-3.9939549319313583,-0.17907851181062306,-3.8925755760089853,-2.4322549272923095,2.1212303302495372,6.8436718833290673,0.11602430510567402],"time_diff_cali":[0,-22.143833149327154,-7.6227443302012849,-14.871803542195545,-76.48666281782566,-80.305362602343976,4.2660330914272491,-21.352266853029949]}