{"trx_antDelay":16604,"antenna_info":["0.0732,0,0","0.0518, 0.0518,0","0,0.0732,0","-0.0518, 0.0518,0","-0.0732,0,0","-0.0518, -0.0518,0","0,-0.0732,0","0.0518, -0.0518,0"],"is_hemisphere":false,"phase_diff_cali":[0,-3.8786237648942614,-0.1800383535470497,-3.8974087631917986,-2.3507412761762176,2.084888347044676,6.7786643525842818,0.17383465169886048],"time_diff_cali":[0,-25.582968215690318,-16.84546350167593,-24.72262120784503,-87.355564225669255,-94.569226538756141,-12.918103504939243,-20.68640628650499]}