{"trx_antDelay":16604,"antenna_info":["0.0732,0,0","0.0518, 0.0518,0","0,0.0732,0","-0.0518, 0.0518,0","-0.0732,0,0","-0.0518, -0.0518,0","0,-0.0732,0","0.0518, -0.0518,0"],"is_hemisphere":false,"phase_diff_cali":[0,-3.8856438660973467,-0.11050409383566745,-3.9404512206951479,-2.2621957359845184,2.208021395596854,6.9261876331390715,0.42359169133599855],"time_diff_cali":[0,-23.100556800745576,-14.318087551872862,-17.75433140564304,-87.400619933106654,-94.281201400390316,-4.2593265350386655,-15.492226440096786]}