{"trx_antDelay":16604,"antenna_info":["0.0732,0,0","0.0518, 0.0518,0","0,0.0732,0","-0.0518, 0.0518,0","-0.0732,0,0","-0.0518, -0.0518,0","0,-0.0732,0","0.0518, -0.0518,0"],"is_hemisphere":false,"phase_diff_cali":[0,-3.714743402251647,-0.77443438228408079,-4.8183826314527041,-1.5780972685851644,3.4402107726031805,7.0642816569161617,0.21886900489416916],"time_diff_cali":[0,2.404023597113925,-4.3073114405939785,-12.103000495773353,-65.110282651748321,-80.721655560498519,4.6389203559363761,-14.674400068747152]}